{"cameraMode":{"drawMode":0,"name":"Shaded","section":"Shading Mode"},"sceneLighting":true,"audioPlay":false,"sceneViewState":{"m_AlwaysRefresh":false,"showFog":true,"showSkybox":true,"showFlares":true,"showImageEffects":true,"showParticleSystems":true,"showVisualEffectGraphs":true,"m_FxEnabled":true},"in2DMode":false,"pivot":{"x":-0.20183876156806947,"y":8.908799171447754,"z":-19.615047454833986},"rotation":{"x":0.059998754411935809,"y":0.012196820229291916,"z":0.0009010708890855312,"w":0.9983201026916504},"size":6.326507091522217,"orthographic":false}